{"cameraMode":{"drawMode":0,"name":"Shaded","section":"Shading Mode"},"sceneLighting":true,"audioPlay":false,"sceneViewState":{"m_AlwaysRefresh":false,"showFog":true,"showSkybox":true,"showFlares":true,"showImageEffects":true,"showParticleSystems":true,"showVisualEffectGraphs":true,"m_FxEnabled":true},"in2DMode":false,"pivot":{"x":17.446937561035158,"y":-1.7456302642822266,"z":-10.762383460998536},"rotation":{"x":0.3859085142612457,"y":-0.30469179153442385,"z":0.1367306262254715,"w":0.8599733710289002},"size":36.614402770996097,"orthographic":false}